"filename", "language", "JavaScript", "JSON with Comments", "JSON", "Markdown", "vue", "CSS", "HTML", "comment", "blank", "total"
"c:\Users\Chenrui\Desktop\SE1\DouBanChan-Fronted\douban-chan\.eslintrc.js", "JavaScript", 18, 0, 0, 0, 0, 0, 0, 1, 1, 20
"c:\Users\Chenrui\Desktop\SE1\DouBanChan-Fronted\douban-chan\README.md", "Markdown", 0, 0, 0, 19, 0, 0, 0, 0, 6, 25
"c:\Users\Chenrui\Desktop\SE1\DouBanChan-Fronted\douban-chan\babel.config.js", "JavaScript", 5, 0, 0, 0, 0, 0, 0, 0, 1, 6
"c:\Users\Chenrui\Desktop\SE1\DouBanChan-Fronted\douban-chan\jsconfig.json", "JSON with Comments", 0, 8, 0, 0, 0, 0, 0, 12, 0, 20
"c:\Users\Chenrui\Desktop\SE1\DouBanChan-Fronted\douban-chan\package-lock.json", "JSON", 0, 0, 10466, 0, 0, 0, 0, 0, 1, 10467
"c:\Users\Chenrui\Desktop\SE1\DouBanChan-Fronted\douban-chan\package.json", "JSON", 0, 0, 66, 0, 0, 0, 0, 0, 1, 67
"c:\Users\Chenrui\Desktop\SE1\DouBanChan-Fronted\douban-chan\public\index.html", "HTML", 0, 0, 0, 0, 0, 0, 20, 2, 3, 25
"c:\Users\Chenrui\Desktop\SE1\DouBanChan-Fronted\douban-chan\public\reset.css", "CSS", 0, 0, 0, 0, 0, 122, 0, 21, 24, 167
"c:\Users\Chenrui\Desktop\SE1\DouBanChan-Fronted\douban-chan\src\App.vue", "vue", 0, 0, 0, 0, 56, 0, 0, 0, 12, 68
"c:\Users\Chenrui\Desktop\SE1\DouBanChan-Fronted\douban-chan\src\components\BookCard.vue", "vue", 0, 0, 0, 0, 755, 0, 0, 3, 59, 817
"c:\Users\Chenrui\Desktop\SE1\DouBanChan-Fronted\douban-chan\src\components\Book\BookRow.vue", "vue", 0, 0, 0, 0, 8, 0, 0, 0, 5, 13
"c:\Users\Chenrui\Desktop\SE1\DouBanChan-Fronted\douban-chan\src\components\Book\Booklist.vue", "vue", 0, 0, 0, 0, 8, 0, 0, 0, 5, 13
"c:\Users\Chenrui\Desktop\SE1\DouBanChan-Fronted\douban-chan\src\components\Book\RankBoardSingle.vue", "vue", 0, 0, 0, 0, 299, 0, 0, 0, 7, 306
"c:\Users\Chenrui\Desktop\SE1\DouBanChan-Fronted\douban-chan\src\components\CollectionCard.vue", "vue", 0, 0, 0, 0, 123, 0, 0, 0, 11, 134
"c:\Users\Chenrui\Desktop\SE1\DouBanChan-Fronted\douban-chan\src\components\DetailedGroupCard.vue", "vue", 0, 0, 0, 0, 98, 0, 0, 0, 11, 109
"c:\Users\Chenrui\Desktop\SE1\DouBanChan-Fronted\douban-chan\src\components\DetailedMessageCard.vue", "vue", 0, 0, 0, 0, 159, 0, 0, 14, 15, 188
"c:\Users\Chenrui\Desktop\SE1\DouBanChan-Fronted\douban-chan\src\components\DetailedPostCard.vue", "vue", 0, 0, 0, 0, 121, 0, 0, 0, 16, 137
"c:\Users\Chenrui\Desktop\SE1\DouBanChan-Fronted\douban-chan\src\components\DetailedWorksCard.vue", "vue", 0, 0, 0, 0, 81, 0, 0, 0, 11, 92
"c:\Users\Chenrui\Desktop\SE1\DouBanChan-Fronted\douban-chan\src\components\Editor\Editor.vue", "vue", 0, 0, 0, 0, 88, 0, 0, 0, 3, 91
"c:\Users\Chenrui\Desktop\SE1\DouBanChan-Fronted\douban-chan\src\components\Editor\VideoEditor.vue", "vue", 0, 0, 0, 0, 122, 0, 0, 0, 6, 128
"c:\Users\Chenrui\Desktop\SE1\DouBanChan-Fronted\douban-chan\src\components\HelloWorld.vue", "vue", 0, 0, 0, 0, 57, 0, 0, 1, 3, 61
"c:\Users\Chenrui\Desktop\SE1\DouBanChan-Fronted\douban-chan\src\components\LoadingEffect.vue", "vue", 0, 0, 0, 0, 94, 0, 0, 0, 15, 109
"c:\Users\Chenrui\Desktop\SE1\DouBanChan-Fronted\douban-chan\src\components\ManageInfo.vue", "vue", 0, 0, 0, 0, 196, 0, 0, 0, 17, 213
"c:\Users\Chenrui\Desktop\SE1\DouBanChan-Fronted\douban-chan\src\components\MiniCard.vue", "vue", 0, 0, 0, 0, 66, 0, 0, 0, 7, 73
"c:\Users\Chenrui\Desktop\SE1\DouBanChan-Fronted\douban-chan\src\components\NavBar.vue", "vue", 0, 0, 0, 0, 384, 0, 0, 4, 36, 424
"c:\Users\Chenrui\Desktop\SE1\DouBanChan-Fronted\douban-chan\src\components\NavBarBackGround.vue", "vue", 0, 0, 0, 0, 21, 0, 0, 0, 4, 25
"c:\Users\Chenrui\Desktop\SE1\DouBanChan-Fronted\douban-chan\src\components\NavBarCartoon.vue", "vue", 0, 0, 0, 0, 39, 0, 0, 0, 2, 41
"c:\Users\Chenrui\Desktop\SE1\DouBanChan-Fronted\douban-chan\src\components\NavigationBar.vue", "vue", 0, 0, 0, 0, 147, 0, 0, 6, 15, 168
"c:\Users\Chenrui\Desktop\SE1\DouBanChan-Fronted\douban-chan\src\components\Player.vue", "vue", 0, 0, 0, 0, 41, 0, 0, 0, 1, 42
"c:\Users\Chenrui\Desktop\SE1\DouBanChan-Fronted\douban-chan\src\components\ScrollingScreenCard.vue", "vue", 0, 0, 0, 0, 50, 0, 0, 0, 5, 55
"c:\Users\Chenrui\Desktop\SE1\DouBanChan-Fronted\douban-chan\src\components\SubscribeCard.vue", "vue", 0, 0, 0, 0, 190, 0, 0, 0, 29, 219
"c:\Users\Chenrui\Desktop\SE1\DouBanChan-Fronted\douban-chan\src\components\TopicCard.vue", "vue", 0, 0, 0, 0, 125, 0, 0, 0, 17, 142
"c:\Users\Chenrui\Desktop\SE1\DouBanChan-Fronted\douban-chan\src\components\UniversalCard.vue", "vue", 0, 0, 0, 0, 764, 0, 0, 3, 59, 826
"c:\Users\Chenrui\Desktop\SE1\DouBanChan-Fronted\douban-chan\src\components\UploadImage.vue", "vue", 0, 0, 0, 0, 357, 0, 0, 0, 29, 386
"c:\Users\Chenrui\Desktop\SE1\DouBanChan-Fronted\douban-chan\src\components\Video\GroupCard.vue", "vue", 0, 0, 0, 0, 73, 0, 0, 0, 8, 81
"c:\Users\Chenrui\Desktop\SE1\DouBanChan-Fronted\douban-chan\src\components\Video\HotComment.vue", "vue", 0, 0, 0, 0, 508, 0, 0, 0, 34, 542
"c:\Users\Chenrui\Desktop\SE1\DouBanChan-Fronted\douban-chan\src\components\Video\HotComments.vue", "vue", 0, 0, 0, 0, 54, 0, 0, 0, 6, 60
"c:\Users\Chenrui\Desktop\SE1\DouBanChan-Fronted\douban-chan\src\components\Video\HotVideo.vue", "vue", 0, 0, 0, 0, 65, 0, 0, 0, 9, 74
"c:\Users\Chenrui\Desktop\SE1\DouBanChan-Fronted\douban-chan\src\components\Video\ItemInfo.vue", "vue", 0, 0, 0, 0, 62, 0, 0, 0, 4, 66
"c:\Users\Chenrui\Desktop\SE1\DouBanChan-Fronted\douban-chan\src\components\Video\Lunbo.vue", "vue", 0, 0, 0, 0, 78, 0, 0, 13, 10, 101
"c:\Users\Chenrui\Desktop\SE1\DouBanChan-Fronted\douban-chan\src\components\Video\RankBoardSingle.vue", "vue", 0, 0, 0, 0, 289, 0, 0, 0, 6, 295
"c:\Users\Chenrui\Desktop\SE1\DouBanChan-Fronted\douban-chan\src\components\Video\Rate.vue", "vue", 0, 0, 0, 0, 48, 0, 0, 0, 5, 53
"c:\Users\Chenrui\Desktop\SE1\DouBanChan-Fronted\douban-chan\src\components\Video\RateBoard.vue", "vue", 0, 0, 0, 0, 173, 0, 0, 2, 6, 181
"c:\Users\Chenrui\Desktop\SE1\DouBanChan-Fronted\douban-chan\src\components\Video\RateWithNumber.vue", "vue", 0, 0, 0, 0, 23, 0, 0, 0, 2, 25
"c:\Users\Chenrui\Desktop\SE1\DouBanChan-Fronted\douban-chan\src\components\Video\RateWithNumber_M.vue", "vue", 0, 0, 0, 0, 23, 0, 0, 0, 2, 25
"c:\Users\Chenrui\Desktop\SE1\DouBanChan-Fronted\douban-chan\src\components\Video\ReviewSection.vue", "vue", 0, 0, 0, 0, 106, 0, 0, 0, 8, 114
"c:\Users\Chenrui\Desktop\SE1\DouBanChan-Fronted\douban-chan\src\components\Video\ReviewSmall.vue", "vue", 0, 0, 0, 0, 416, 0, 0, 0, 14, 430
"c:\Users\Chenrui\Desktop\SE1\DouBanChan-Fronted\douban-chan\src\components\Video\SectionTitle.vue", "vue", 0, 0, 0, 0, 26, 0, 0, 0, 3, 29
"c:\Users\Chenrui\Desktop\SE1\DouBanChan-Fronted\douban-chan\src\components\Video\TopicCard.vue", "vue", 0, 0, 0, 0, 56, 0, 0, 0, 7, 63
"c:\Users\Chenrui\Desktop\SE1\DouBanChan-Fronted\douban-chan\src\components\Video\VideoBookItem.vue", "vue", 0, 0, 0, 0, 42, 0, 0, 0, 1, 43
"c:\Users\Chenrui\Desktop\SE1\DouBanChan-Fronted\douban-chan\src\components\Video\VideoHengCard.vue", "vue", 0, 0, 0, 0, 87, 0, 0, 0, 4, 91
"c:\Users\Chenrui\Desktop\SE1\DouBanChan-Fronted\douban-chan\src\components\Video\VideoRow.vue", "vue", 0, 0, 0, 0, 71, 0, 0, 0, 7, 78
"c:\Users\Chenrui\Desktop\SE1\DouBanChan-Fronted\douban-chan\src\components\group\GroupAdminApplyBar.vue", "vue", 0, 0, 0, 0, 261, 0, 0, 0, 35, 296
"c:\Users\Chenrui\Desktop\SE1\DouBanChan-Fronted\douban-chan\src\components\group\GroupCard.vue", "vue", 0, 0, 0, 0, 218, 0, 0, 9, 21, 248
"c:\Users\Chenrui\Desktop\SE1\DouBanChan-Fronted\douban-chan\src\components\group\GroupCardWithTopic.vue", "vue", 0, 0, 0, 0, 308, 0, 0, 9, 34, 351
"c:\Users\Chenrui\Desktop\SE1\DouBanChan-Fronted\douban-chan\src\components\group\GroupCreateBar.vue", "vue", 0, 0, 0, 0, 280, 0, 0, 20, 27, 327
"c:\Users\Chenrui\Desktop\SE1\DouBanChan-Fronted\douban-chan\src\components\group\GroupList.vue", "vue", 0, 0, 0, 0, 117, 0, 0, 9, 11, 137
"c:\Users\Chenrui\Desktop\SE1\DouBanChan-Fronted\douban-chan\src\components\post\CommentUnderFloor.vue", "vue", 0, 0, 0, 0, 158, 0, 0, 5, 20, 183
"c:\Users\Chenrui\Desktop\SE1\DouBanChan-Fronted\douban-chan\src\components\post\PictureChooser.vue", "vue", 0, 0, 0, 0, 90, 0, 0, 7, 2, 99
"c:\Users\Chenrui\Desktop\SE1\DouBanChan-Fronted\douban-chan\src\components\post\PostCard.vue", "vue", 0, 0, 0, 0, 458, 0, 0, 10, 38, 506
"c:\Users\Chenrui\Desktop\SE1\DouBanChan-Fronted\douban-chan\src\components\post\PostCardText.vue", "vue", 0, 0, 0, 0, 133, 0, 0, 4, 10, 147
"c:\Users\Chenrui\Desktop\SE1\DouBanChan-Fronted\douban-chan\src\components\post\PostCardUserInfo.vue", "vue", 0, 0, 0, 0, 56, 0, 0, 0, 6, 62
"c:\Users\Chenrui\Desktop\SE1\DouBanChan-Fronted\douban-chan\src\components\post\PostCreateBar.vue", "vue", 0, 0, 0, 0, 270, 0, 0, 14, 26, 310
"c:\Users\Chenrui\Desktop\SE1\DouBanChan-Fronted\douban-chan\src\components\post\PostFloor.vue", "vue", 0, 0, 0, 0, 238, 0, 0, 14, 22, 274
"c:\Users\Chenrui\Desktop\SE1\DouBanChan-Fronted\douban-chan\src\components\post\PostReplyBar.vue", "vue", 0, 0, 0, 0, 316, 0, 0, 8, 31, 355
"c:\Users\Chenrui\Desktop\SE1\DouBanChan-Fronted\douban-chan\src\components\post\PostSortLabel.vue", "vue", 0, 0, 0, 0, 63, 0, 0, 1, 6, 70
"c:\Users\Chenrui\Desktop\SE1\DouBanChan-Fronted\douban-chan\src\components\post\ReportInputBox.vue", "vue", 0, 0, 0, 0, 336, 0, 0, 39, 32, 407
"c:\Users\Chenrui\Desktop\SE1\DouBanChan-Fronted\douban-chan\src\components\post\button\CommentReplyInputBox.vue", "vue", 0, 0, 0, 0, 162, 0, 0, 3, 10, 175
"c:\Users\Chenrui\Desktop\SE1\DouBanChan-Fronted\douban-chan\src\components\post\button\FloorReportButton.vue", "vue", 0, 0, 0, 0, 73, 0, 0, 1, 6, 80
"c:\Users\Chenrui\Desktop\SE1\DouBanChan-Fronted\douban-chan\src\components\post\button\LikeButtonGroup.vue", "vue", 0, 0, 0, 0, 219, 0, 0, 1, 9, 229
"c:\Users\Chenrui\Desktop\SE1\DouBanChan-Fronted\douban-chan\src\components\post\button\LikeFavButtonGroup.vue", "vue", 0, 0, 0, 0, 355, 0, 0, 11, 25, 391
"c:\Users\Chenrui\Desktop\SE1\DouBanChan-Fronted\douban-chan\src\components\post\button\OnlyLzButton.vue", "vue", 0, 0, 0, 0, 91, 0, 0, 0, 6, 97
"c:\Users\Chenrui\Desktop\SE1\DouBanChan-Fronted\douban-chan\src\components\post\button\OnlySelectButton.vue", "vue", 0, 0, 0, 0, 98, 0, 0, 6, 10, 114
"c:\Users\Chenrui\Desktop\SE1\DouBanChan-Fronted\douban-chan\src\components\post\button\PostOperateButton.vue", "vue", 0, 0, 0, 0, 232, 0, 0, 0, 20, 252
"c:\Users\Chenrui\Desktop\SE1\DouBanChan-Fronted\douban-chan\src\components\post\button\PostReportButton.vue", "vue", 0, 0, 0, 0, 77, 0, 0, 1, 6, 84
"c:\Users\Chenrui\Desktop\SE1\DouBanChan-Fronted\douban-chan\src\components\post\button\PostTopicButton.vue", "vue", 0, 0, 0, 0, 79, 0, 0, 1, 6, 86
"c:\Users\Chenrui\Desktop\SE1\DouBanChan-Fronted\douban-chan\src\components\post\button\ScrollToTopButton.vue", "vue", 0, 0, 0, 0, 34, 0, 0, 2, 3, 39
"c:\Users\Chenrui\Desktop\SE1\DouBanChan-Fronted\douban-chan\src\components\review\commentCardUserInfo.vue", "vue", 0, 0, 0, 0, 52, 0, 0, 0, 6, 58
"c:\Users\Chenrui\Desktop\SE1\DouBanChan-Fronted\douban-chan\src\components\review\commentFirstLevel.vue", "vue", 0, 0, 0, 0, 143, 0, 0, 10, 4, 157
"c:\Users\Chenrui\Desktop\SE1\DouBanChan-Fronted\douban-chan\src\components\review\commentReply.vue", "vue", 0, 0, 0, 0, 127, 0, 0, 3, 9, 139
"c:\Users\Chenrui\Desktop\SE1\DouBanChan-Fronted\douban-chan\src\components\review\commentSecondLevel.vue", "vue", 0, 0, 0, 0, 147, 0, 0, 3, 11, 161
"c:\Users\Chenrui\Desktop\SE1\DouBanChan-Fronted\douban-chan\src\components\review\commentSection.vue", "vue", 0, 0, 0, 0, 104, 0, 0, 0, 6, 110
"c:\Users\Chenrui\Desktop\SE1\DouBanChan-Fronted\douban-chan\src\components\topic\ContentSizerSideNavBar.vue", "vue", 0, 0, 0, 0, 109, 0, 0, 5, 11, 125
"c:\Users\Chenrui\Desktop\SE1\DouBanChan-Fronted\douban-chan\src\components\topic\TopicCard.vue", "vue", 0, 0, 0, 0, 227, 0, 0, 1, 18, 246
"c:\Users\Chenrui\Desktop\SE1\DouBanChan-Fronted\douban-chan\src\components\topic\TopicCardMini.vue", "vue", 0, 0, 0, 0, 217, 0, 0, 1, 19, 237
"c:\Users\Chenrui\Desktop\SE1\DouBanChan-Fronted\douban-chan\src\components\topic\TopicCreateBar.vue", "vue", 0, 0, 0, 0, 281, 0, 0, 20, 29, 330
"c:\Users\Chenrui\Desktop\SE1\DouBanChan-Fronted\douban-chan\src\components\topic\TopicHotList.vue", "vue", 0, 0, 0, 0, 67, 0, 0, 2, 5, 74
"c:\Users\Chenrui\Desktop\SE1\DouBanChan-Fronted\douban-chan\src\components\topic\TopicNormalList.vue", "vue", 0, 0, 0, 0, 17, 0, 0, 1, 3, 21
"c:\Users\Chenrui\Desktop\SE1\DouBanChan-Fronted\douban-chan\src\main.js", "JavaScript", 41, 0, 0, 0, 0, 0, 0, 13, 18, 72
"c:\Users\Chenrui\Desktop\SE1\DouBanChan-Fronted\douban-chan\src\router\index.js", "JavaScript", 317, 0, 0, 0, 0, 0, 0, 64, 15, 396
"c:\Users\Chenrui\Desktop\SE1\DouBanChan-Fronted\douban-chan\src\store\group.js", "JavaScript", 194, 0, 0, 0, 0, 0, 0, 133, 4, 331
"c:\Users\Chenrui\Desktop\SE1\DouBanChan-Fronted\douban-chan\src\store\index.js", "JavaScript", 18, 0, 0, 0, 0, 0, 0, 2, 5, 25
"c:\Users\Chenrui\Desktop\SE1\DouBanChan-Fronted\douban-chan\src\store\post.js", "JavaScript", 448, 0, 0, 0, 0, 0, 0, 464, 4, 916
"c:\Users\Chenrui\Desktop\SE1\DouBanChan-Fronted\douban-chan\src\store\topic.js", "JavaScript", 209, 0, 0, 0, 0, 0, 0, 121, 3, 333
"c:\Users\Chenrui\Desktop\SE1\DouBanChan-Fronted\douban-chan\src\store\upload.js", "JavaScript", 9, 0, 0, 0, 0, 0, 0, 1, 3, 13
"c:\Users\Chenrui\Desktop\SE1\DouBanChan-Fronted\douban-chan\src\store\user.js", "JavaScript", 84, 0, 0, 0, 0, 0, 0, 28, 2, 114
"c:\Users\Chenrui\Desktop\SE1\DouBanChan-Fronted\douban-chan\src\views\AboutView.vue", "vue", 0, 0, 0, 0, 5, 0, 0, 0, 0, 5
"c:\Users\Chenrui\Desktop\SE1\DouBanChan-Fronted\douban-chan\src\views\BookHomeView.vue", "vue", 0, 0, 0, 0, 9, 0, 0, 0, 4, 13
"c:\Users\Chenrui\Desktop\SE1\DouBanChan-Fronted\douban-chan\src\views\BookModule.vue", "vue", 0, 0, 0, 0, 162, 0, 0, 3, 12, 177
"c:\Users\Chenrui\Desktop\SE1\DouBanChan-Fronted\douban-chan\src\views\Book\BookCategory.vue", "vue", 0, 0, 0, 0, 155, 0, 0, 0, 9, 164
"c:\Users\Chenrui\Desktop\SE1\DouBanChan-Fronted\douban-chan\src\views\Book\BookDefault.vue", "vue", 0, 0, 0, 0, 65, 0, 0, 0, 4, 69
"c:\Users\Chenrui\Desktop\SE1\DouBanChan-Fronted\douban-chan\src\views\Book\BookDetail.vue", "vue", 0, 0, 0, 0, 503, 0, 0, 9, 56, 568
"c:\Users\Chenrui\Desktop\SE1\DouBanChan-Fronted\douban-chan\src\views\Book\BookHomeView.vue", "vue", 0, 0, 0, 0, 155, 0, 0, 2, 18, 175
"c:\Users\Chenrui\Desktop\SE1\DouBanChan-Fronted\douban-chan\src\views\Book\BookList.vue", "vue", 0, 0, 0, 0, 99, 0, 0, 8, 12, 119
"c:\Users\Chenrui\Desktop\SE1\DouBanChan-Fronted\douban-chan\src\views\Book\BookRankBoard.vue", "vue", 0, 0, 0, 0, 16, 0, 0, 0, 3, 19
"c:\Users\Chenrui\Desktop\SE1\DouBanChan-Fronted\douban-chan\src\views\ButtonForMore.vue", "vue", 0, 0, 0, 0, 54, 0, 0, 0, 4, 58
"c:\Users\Chenrui\Desktop\SE1\DouBanChan-Fronted\douban-chan\src\views\ChangeImage.vue", "vue", 0, 0, 0, 0, 32, 0, 0, 0, 4, 36
"c:\Users\Chenrui\Desktop\SE1\DouBanChan-Fronted\douban-chan\src\views\ChangePassword.vue", "vue", 0, 0, 0, 0, 32, 0, 0, 0, 4, 36
"c:\Users\Chenrui\Desktop\SE1\DouBanChan-Fronted\douban-chan\src\views\ChoiceMenu.vue", "vue", 0, 0, 0, 0, 76, 0, 0, 0, 8, 84
"c:\Users\Chenrui\Desktop\SE1\DouBanChan-Fronted\douban-chan\src\views\FilmHomeView.vue", "vue", 0, 0, 0, 0, 16, 0, 0, 0, 5, 21
"c:\Users\Chenrui\Desktop\SE1\DouBanChan-Fronted\douban-chan\src\views\FilmModule.vue", "vue", 0, 0, 0, 0, 166, 0, 0, 0, 15, 181
"c:\Users\Chenrui\Desktop\SE1\DouBanChan-Fronted\douban-chan\src\views\GroupCartoon.vue", "vue", 0, 0, 0, 0, 210, 0, 0, 0, 32, 242
"c:\Users\Chenrui\Desktop\SE1\DouBanChan-Fronted\douban-chan\src\views\GroupMiniCard.vue", "vue", 0, 0, 0, 0, 76, 0, 0, 0, 11, 87
"c:\Users\Chenrui\Desktop\SE1\DouBanChan-Fronted\douban-chan\src\views\GroupNewCartoon.vue", "vue", 0, 0, 0, 0, 626, 0, 0, 0, 115, 741
"c:\Users\Chenrui\Desktop\SE1\DouBanChan-Fronted\douban-chan\src\views\GroupShowCard.vue", "vue", 0, 0, 0, 0, 115, 0, 0, 0, 10, 125
"c:\Users\Chenrui\Desktop\SE1\DouBanChan-Fronted\douban-chan\src\views\Group\GroupAdminMatterList.vue", "vue", 0, 0, 0, 0, 68, 0, 0, 0, 8, 76
"c:\Users\Chenrui\Desktop\SE1\DouBanChan-Fronted\douban-chan\src\views\Group\GroupHomePostList.vue", "vue", 0, 0, 0, 0, 156, 0, 0, 9, 13, 178
"c:\Users\Chenrui\Desktop\SE1\DouBanChan-Fronted\douban-chan\src\views\Group\GroupHomeView.vue", "vue", 0, 0, 0, 0, 258, 0, 0, 10, 38, 306
"c:\Users\Chenrui\Desktop\SE1\DouBanChan-Fronted\douban-chan\src\views\Group\GroupMemberList.vue", "vue", 0, 0, 0, 0, 0, 0, 0, 0, 1, 1
"c:\Users\Chenrui\Desktop\SE1\DouBanChan-Fronted\douban-chan\src\views\Group\GroupPage.vue", "vue", 0, 0, 0, 0, 498, 0, 0, 15, 40, 553
"c:\Users\Chenrui\Desktop\SE1\DouBanChan-Fronted\douban-chan\src\views\Group\GroupPostList.vue", "vue", 0, 0, 0, 0, 104, 0, 0, 3, 9, 116
"c:\Users\Chenrui\Desktop\SE1\DouBanChan-Fronted\douban-chan\src\views\HomeModule.vue", "vue", 0, 0, 0, 0, 166, 0, 0, 0, 13, 179
"c:\Users\Chenrui\Desktop\SE1\DouBanChan-Fronted\douban-chan\src\views\HomeView.vue", "vue", 0, 0, 0, 0, 60, 0, 0, 6, 3, 69
"c:\Users\Chenrui\Desktop\SE1\DouBanChan-Fronted\douban-chan\src\views\IndividualMiniCard.vue", "vue", 0, 0, 0, 0, 316, 0, 0, 0, 26, 342
"c:\Users\Chenrui\Desktop\SE1\DouBanChan-Fronted\douban-chan\src\views\LoginBackImage.vue", "vue", 0, 0, 0, 0, 35, 0, 0, 0, 3, 38
"c:\Users\Chenrui\Desktop\SE1\DouBanChan-Fronted\douban-chan\src\views\LoginModule.vue", "vue", 0, 0, 0, 0, 693, 0, 0, 5, 41, 739
"c:\Users\Chenrui\Desktop\SE1\DouBanChan-Fronted\douban-chan\src\views\LoginView.vue", "vue", 0, 0, 0, 0, 299, 0, 0, 0, 48, 347
"c:\Users\Chenrui\Desktop\SE1\DouBanChan-Fronted\douban-chan\src\views\MessageCardReply.vue", "vue", 0, 0, 0, 0, 173, 0, 0, 0, 23, 196
"c:\Users\Chenrui\Desktop\SE1\DouBanChan-Fronted\douban-chan\src\views\MessageGood.vue", "vue", 0, 0, 0, 0, 126, 0, 0, 0, 16, 142
"c:\Users\Chenrui\Desktop\SE1\DouBanChan-Fronted\douban-chan\src\views\Post\Post.vue", "vue", 0, 0, 0, 0, 216, 0, 0, 14, 17, 247
"c:\Users\Chenrui\Desktop\SE1\DouBanChan-Fronted\douban-chan\src\views\RefreshButton.vue", "vue", 0, 0, 0, 0, 67, 0, 0, 0, 9, 76
"c:\Users\Chenrui\Desktop\SE1\DouBanChan-Fronted\douban-chan\src\views\Review\ReviewView.vue", "vue", 0, 0, 0, 0, 513, 0, 0, 2, 27, 542
"c:\Users\Chenrui\Desktop\SE1\DouBanChan-Fronted\douban-chan\src\views\Review\WriteReview.vue", "vue", 0, 0, 0, 0, 238, 0, 0, 0, 9, 247
"c:\Users\Chenrui\Desktop\SE1\DouBanChan-Fronted\douban-chan\src\views\Search.vue", "vue", 0, 0, 0, 0, 126, 0, 0, 0, 16, 142
"c:\Users\Chenrui\Desktop\SE1\DouBanChan-Fronted\douban-chan\src\views\Search\SearchBar.vue", "vue", 0, 0, 0, 0, 79, 0, 0, 1, 7, 87
"c:\Users\Chenrui\Desktop\SE1\DouBanChan-Fronted\douban-chan\src\views\Search\SearchBook.vue", "vue", 0, 0, 0, 0, 24, 0, 0, 0, 2, 26
"c:\Users\Chenrui\Desktop\SE1\DouBanChan-Fronted\douban-chan\src\views\Search\SearchGroup.vue", "vue", 0, 0, 0, 0, 24, 0, 0, 0, 2, 26
"c:\Users\Chenrui\Desktop\SE1\DouBanChan-Fronted\douban-chan\src\views\Search\SearchPost.vue", "vue", 0, 0, 0, 0, 24, 0, 0, 0, 2, 26
"c:\Users\Chenrui\Desktop\SE1\DouBanChan-Fronted\douban-chan\src\views\Search\SearchTopic.vue", "vue", 0, 0, 0, 0, 24, 0, 0, 0, 2, 26
"c:\Users\Chenrui\Desktop\SE1\DouBanChan-Fronted\douban-chan\src\views\Search\SearchVideo.vue", "vue", 0, 0, 0, 0, 24, 0, 0, 0, 2, 26
"c:\Users\Chenrui\Desktop\SE1\DouBanChan-Fronted\douban-chan\src\views\Search\SearchView.vue", "vue", 0, 0, 0, 0, 238, 0, 0, 7, 22, 267
"c:\Users\Chenrui\Desktop\SE1\DouBanChan-Fronted\douban-chan\src\views\SelfInfoChoice.vue", "vue", 0, 0, 0, 0, 32, 0, 0, 0, 4, 36
"c:\Users\Chenrui\Desktop\SE1\DouBanChan-Fronted\douban-chan\src\views\SelfInformation.vue", "vue", 0, 0, 0, 0, 591, 0, 0, 1, 43, 635
"c:\Users\Chenrui\Desktop\SE1\DouBanChan-Fronted\douban-chan\src\views\SystemInfo.vue", "vue", 0, 0, 0, 0, 80, 0, 0, 0, 9, 89
"c:\Users\Chenrui\Desktop\SE1\DouBanChan-Fronted\douban-chan\src\views\TopicGroupModule.vue", "vue", 0, 0, 0, 0, 339, 0, 0, 3, 20, 362
"c:\Users\Chenrui\Desktop\SE1\DouBanChan-Fronted\douban-chan\src\views\Topic\TopicHomePostGroupList.vue", "vue", 0, 0, 0, 0, 25, 0, 0, 1, 4, 30
"c:\Users\Chenrui\Desktop\SE1\DouBanChan-Fronted\douban-chan\src\views\Topic\TopicHomeTodaysHot.vue", "vue", 0, 0, 0, 0, 28, 0, 0, 1, 4, 33
"c:\Users\Chenrui\Desktop\SE1\DouBanChan-Fronted\douban-chan\src\views\Topic\TopicHomeTopicSquare.vue", "vue", 0, 0, 0, 0, 106, 0, 0, 7, 9, 122
"c:\Users\Chenrui\Desktop\SE1\DouBanChan-Fronted\douban-chan\src\views\Topic\TopicHomeView.vue", "vue", 0, 0, 0, 0, 341, 0, 0, 11, 41, 393
"c:\Users\Chenrui\Desktop\SE1\DouBanChan-Fronted\douban-chan\src\views\Topic\TopicPage.vue", "vue", 0, 0, 0, 0, 353, 0, 0, 14, 36, 403
"c:\Users\Chenrui\Desktop\SE1\DouBanChan-Fronted\douban-chan\src\views\Topic\TopicPageDefault.vue", "vue", 0, 0, 0, 0, 33, 0, 0, 0, 4, 37
"c:\Users\Chenrui\Desktop\SE1\DouBanChan-Fronted\douban-chan\src\views\Topic\TopicPostList.vue", "vue", 0, 0, 0, 0, 105, 0, 0, 4, 9, 118
"c:\Users\Chenrui\Desktop\SE1\DouBanChan-Fronted\douban-chan\src\views\UserHomeView.vue", "vue", 0, 0, 0, 0, 152, 0, 0, 5, 21, 178
"c:\Users\Chenrui\Desktop\SE1\DouBanChan-Fronted\douban-chan\src\views\User\Favlist.vue", "vue", 0, 0, 0, 0, 83, 0, 0, 0, 8, 91
"c:\Users\Chenrui\Desktop\SE1\DouBanChan-Fronted\douban-chan\src\views\User\Group.vue", "vue", 0, 0, 0, 0, 93, 0, 0, 0, 7, 100
"c:\Users\Chenrui\Desktop\SE1\DouBanChan-Fronted\douban-chan\src\views\User\Home.vue", "vue", 0, 0, 0, 0, 344, 0, 0, 0, 26, 370
"c:\Users\Chenrui\Desktop\SE1\DouBanChan-Fronted\douban-chan\src\views\User\Message.vue", "vue", 0, 0, 0, 0, 357, 0, 0, 0, 22, 379
"c:\Users\Chenrui\Desktop\SE1\DouBanChan-Fronted\douban-chan\src\views\User\Post.vue", "vue", 0, 0, 0, 0, 89, 0, 0, 0, 7, 96
"c:\Users\Chenrui\Desktop\SE1\DouBanChan-Fronted\douban-chan\src\views\User\Setting.vue", "vue", 0, 0, 0, 0, 60, 0, 0, 0, 9, 69
"c:\Users\Chenrui\Desktop\SE1\DouBanChan-Fronted\douban-chan\src\views\User\Subscribe.vue", "vue", 0, 0, 0, 0, 255, 0, 0, 0, 13, 268
"c:\Users\Chenrui\Desktop\SE1\DouBanChan-Fronted\douban-chan\src\views\Video\VideoCategory.vue", "vue", 0, 0, 0, 0, 159, 0, 0, 0, 9, 168
"c:\Users\Chenrui\Desktop\SE1\DouBanChan-Fronted\douban-chan\src\views\Video\VideoDefault.vue", "vue", 0, 0, 0, 0, 87, 0, 0, 0, 3, 90
"c:\Users\Chenrui\Desktop\SE1\DouBanChan-Fronted\douban-chan\src\views\Video\VideoDetail.vue", "vue", 0, 0, 0, 0, 805, 0, 0, 8, 99, 912
"c:\Users\Chenrui\Desktop\SE1\DouBanChan-Fronted\douban-chan\src\views\Video\VideoHomeView.vue", "vue", 0, 0, 0, 0, 155, 0, 0, 2, 18, 175
"c:\Users\Chenrui\Desktop\SE1\DouBanChan-Fronted\douban-chan\src\views\Video\VideoList.vue", "vue", 0, 0, 0, 0, 99, 0, 0, 8, 12, 119
"c:\Users\Chenrui\Desktop\SE1\DouBanChan-Fronted\douban-chan\src\views\Video\VideoRankBoard.vue", "vue", 0, 0, 0, 0, 15, 0, 0, 0, 3, 18
"c:\Users\Chenrui\Desktop\SE1\DouBanChan-Fronted\douban-chan\vue.config.js", "JavaScript", 5, 0, 0, 0, 0, 0, 0, 1, 2, 8
"Total", "-", 1348, 8, 10532, 19, 24769, 122, 20, 1289, 2337, 40444